heads,tails
1,2
3,4
5,6
7,2
8,9
10,2
11,12
13,12
13,14
15,2
16,17
18,19
20,21
22,23
24,25
26,2
27,2
28,29
30,31
32,2
30,33
34,35
36,37
38,2
15,25
39,40
41,19
42,37
43,44
45,19
46,47
48,49
50,14
51,25
52,53
54,55
56,25
53,57
7,58
59,19
60,61
62,61
63,25
64,61
65,47
66,4
67,68
69,53
70,71
72,57
73,74
75,25
76,57
77,2
78,19
79,80
81,82
83,2
84,85
86,57
87,25
88,2
89,2
90,57
91,57
92,93
94,61
95,40
96,2
97,47
98,2
99,2
100,57
60,55
101,25
102,2
103,104
105,106
107,93
108,19
27,55
109,25
54,61
110,104
111,53
112,29
113,19
114,115
116,57
117,4
118,25
119,53
120,121
95,122
48,121
8,123
27,123
124,53
125,104
7,55
126,25
127,121
128,35
129,2
130,85
131,31
132,80
133,121
128,134
135,136
137,138
139,140
141,142
143,144
145,146
147,148
149,150
151,152
145,153
3,154
155,156
20,157
158,8
159,8
8,158
160,161
162,163
164,165
166,167
20,168
169,170
171,172
173,174
169,175
176,62
177,178
171,48
179,62
180,178
181,62
61,62
99,8
8,182
183,8
22,184
8,185
186,8
187,184
188,189
190,191
192,193
194,195
13,196
15,172
197,172
169,198
199,62
169,200
201,202
197,96
203,175
204,205
64,62
206,205
207,208
209,210
211,8
212,8
213,8
214,8
215,8
216,8
217,8
126,218
219,220
5,218
221,172
51,172
222,223
224,225
209,226
15,227
228,229
230,62
190,231
232,227
233,48
121,48
3,234
30,235
190,236
237,8
129,238
145,239
240,241
242,243
233,244
245,234
246,202
247,48
248,178
249,202
203,250
3,251
252,253
254,8
255,8
256,178
257,184
83,172
190,258
70,167
67,225
259,260
261,262
263,150
163,62
60,62
141,178
264,48
265,48
266,48
54,62
137,267
268,269
270,8
145,271
272,273
274,271
275,276
8,167
7,167
277,198
49,48
278,144
279,280
261,239
281,172
282,168
283,205
284,62
285,184
62,163
286,238
287,288
27,273
77,167
289,241
290,172
261,196
291,205
292,62
293,62
294,8
247,161
295,250
246,296
297,198
190,298
299,300
301,167
302,205
303,304
305,260
95,223
306,167
307,202
308,62
309,310
311,8
133,312
313,8
314,202
315,202
60,48
316,163
317,161
27,152
189,188
22,202
318,304
319,304
209,320
321,260
322,323
324,323
209,325
307,153
326,273
327,152
328,188
129,172
329,62
330,331
261,157
7,332
333,334
335,172
336,205
137,337
338,130
339,182
79,153
247,148
13,172
340,202
341,189
342,343
91,344
345,62
346,189
72,189
347,348
349,172
350,188
15,351
102,351
2,96
352,184
353,354
79,185
355,356
357,188
358,167
249,205
359,202
117,185
360,62
361,62
362,363
364,185
365,148
366,367
368,153
369,370
371,244
372,373
374,188
190,172
375,172
261,158
376,62
377,378
379,380
277,227
203,262
126,351
381,351
85,130
128,172
382,188
187,202
383,300
384,62
385,202
203,235
386,202
387,172
388,62
389,62
390,391
297,168
176,234
392,62
393,62
394,188
94,202
395,202
396,238
397,241
103,398
399,400
401,402
403,400
404,405
406,407
408,405
120,409
190,410
411,407
412,54
413,414
30,415
416,54
417,54
55,54
418,407
179,54
137,414
419,414
420,414
421,414
422,423
424,54
143,425
426,409
427,54
308,414
416,414
308,54
247,428
429,407
60,54
62,54
430,414
431,409
432,414
433,414
197,434
143,435
436,414
437,414
8,413
199,54
438,439
30,440
197,441
442,443
137,444
445,446
447,443
448,449
450,414
345,54
416,422
374,443
169,451
209,452
453,454
7,413
66,413
5,413
455,413
456,414
457,414
61,54
414,413
458,459
70,413
460,43
8,461
340,413
190,462
463,414
438,454
464,54
465,466
467,414
416,413
468,413
469,413
470,440
471,440
472,414
473,414
11,474
44,43
340,475
476,413
477,413
53,69
478,413
479,413
480,413
442,413
187,413
20,481
482,413
166,413
257,413
358,413
377,483
230,54
287,483
484,413
485,443
486,409
487,409
488,414
87,489
490,459
491,489
492,413
247,413
493,494
495,483
94,413
137,474
66,474
51,496
497,498
499,414
27,500
442,501
502,503
504,414
505,498
506,413
245,414
507,508
509,501
509,443
412,414
510,511
374,501
233,69
512,443
513,54
514,449
478,54
515,54
516,69
209,459
20,517
60,407
307,54
518,43
67,501
519,520
469,521
209,522
246,523
279,524
13,525
526,414
369,414
527,414
305,414
528,407
83,364
13,529
266,530
531,532
128,524
533,534
169,535
536,537
538,414
360,409
143,537
539,540
541,529
542,364
27,54
543,409
207,544
545,546
331,546
547,544
548,364
549,534
10,532
550,544
551,544
552,553
190,554
555,364
556,557
558,530
7,364
48,264
559,560
561,560
276,275
102,364
562,532
279,563
117,524
564,525
565,525
566,544
567,364
129,364
568,364
15,364
203,563
569,570
571,532
572,573
209,574
401,540
540,401
575,576
577,576
185,364
578,544
70,579
580,560
581,570
54,464
582,557
583,557
584,540
266,544
166,579
585,544
586,587
588,560
482,579
589,590
591,544
402,401
592,546
593,570
594,530
261,522
126,364
70,364
595,540
261,523
596,597
598,597
599,597
600,601
602,601
603,597
604,597
233,605
169,606
190,607
608,601
609,476
190,610
474,11
611,476
90,612
422,613
614,613
413,476
232,615
149,597
513,597
15,11
616,601
190,617
309,618
619,620
621,601
622,597
12,11
333,476
623,624
625,626
627,476
628,601
629,597
630,11
631,613
409,431
598,476
632,618
633,597
209,634
635,601
51,11
381,11
636,597
230,387
233,597
109,387
637,638
266,624
639,597
77,597
290,640
641,642
371,624
643,431
190,11
246,644
487,624
362,476
126,387
94,597
381,387
645,638
646,11
647,624
648,649
650,387
172,387
651,652
653,652
654,541
8,655
656,657
77,658
659,652
660,661
662,661
663,468
664,652
81,468
143,665
413,468
54,179
62,179
109,541
666,652
204,652
667,668
164,669
529,541
420,468
164,670
671,468
672,468
137,673
674,668
145,652
126,541
3,541
372,675
7,676
677,678
120,679
680,681
682,683
684,679
685,652
129,541
487,686
687,670
688,675
689,679
690,179
67,691
381,541
692,693
694,695
696,679
697,652
638,637
698,652
190,541
128,541
70,652
699,652
700,701
480,695
360,702
703,704
705,160
706,160
145,707
708,709
143,709
171,710
711,712
261,707
713,714
190,715
201,160
120,716
190,717
3,718
719,718
720,160
721,722
723,160
51,710
724,707
161,160
83,541
725,726
727,728
20,729
730,160
731,695
5,732
209,733
734,541
726,468
735,736
90,737
556,704
738,179
739,160
8,740
741,712
259,728
742,384
62,284
743,744
301,744
745,746
330,747
482,384
748,726
230,424
468,726
583,707
749,740
188,394
54,424
565,750
261,709
751,752
753,754
755,707
756,394
757,758
759,710
580,758
319,394
137,750
60,376
760,160
365,160
761,762
143,763
221,339
764,765
766,765
143,767
13,768
109,339
769,765
770,771
556,765
772,773
774,775
291,339
91,776
777,778
169,779
390,778
780,776
145,781
56,339
782,778
783,771
232,765
784,765
8,785
786,787
788,778
84,789
790,339
791,792
793,763
794,789
663,795
13,339
631,796
797,798
203,767
799,800
801,802
19,18
129,803
804,805
806,803
807,789
808,765
809,765
292,765
1,339
232,802
810,765
556,811
812,765
38,245
813,814
815,771
233,773
816,817
818,339
819,776
820,776
821,339
822,339
823,789
50,765
83,339
182,339
141,824
491,339
825,800
826,339
827,828
829,830
831,828
360,773
832,803
548,245
833,339
137,396
186,339
834,765
835,789
234,245
369,836
261,339
801,798
837,245
838,339
839,245
102,339
840,339
15,339
238,396
27,245
841,245
7,245
842,778
414,245
843,802
844,339
845,486
775,774
846,847
169,848
849,774
164,850
409,486
851,852
853,854
7,855
30,856
330,581
857,486
566,847
20,858
193,192
626,625
203,858
366,859
860,861
416,862
863,864
865,866
867,868
115,114
869,870
176,871
94,866
209,872
873,874
875,861
876,192
877,192
878,866
879,866
880,864
881,882
585,864
883,774
884,885
279,871
886,864
887,854
487,774
888,889
890,581
5,891
98,892
585,893
22,894
895,871
896,94
67,897
507,898
316,899
900,898
164,901
169,902
8,903
279,904
905,906
907,906
908,898
442,909
190,910
911,912
913,898
582,362
914,898
915,916
917,918
919,362
920,921
482,922
663,918
923,921
924,362
91,922
203,925
926,906
241,289
927,133
928,133
312,133
929,918
20,930
382,909
83,918
571,2
95,925
751,931
95,932
140,139
869,933
934,933
142,141
177,935
936,898
363,362
937,938
319,139
939,922
176,902
141,938
938,141
940,141
120,941
942,139
943,944
945,916
946,909
947,909
774,849
534,533
190,948
128,949
788,906
950,951
598,938
952,933
166,953
954,909
64,141
955,956
178,141
561,957
958,141
958,938
959,960
961,956
27,962
963,133
964,933
199,965
726,956
112,956
203,930
765,809
966,849
52,956
967,956
956,139
959,956
968,969
970,969
77,141
824,141
971,141
972,141
611,362
476,362
95,973
974,975
976,362
266,139
121,133
977,978
979,956
980,921
94,898
3,981
982,938
983,139
772,909
983,933
233,933
563,984
985,951
109,984
986,987
506,141
256,141
315,141
319,975
988,933
60,989
57,116
862,809
990,991
992,982
190,993
994,982
627,995
616,608
794,991
996,991
997,991
998,991
145,70
197,70
164,70
129,999
13,1000
1001,1002
197,1003
169,1004
167,70
1005,70
1006,991
19,41
477,70
990,1002
414,419
990,1007
30,1008
985,1009
1010,1011
663,995
764,1004
7,1012
164,1013
1014,1015
456,70
1016,70
232,1000
1017,1015
711,1018
117,1003
938,982
601,608
420,70
662,1002
624,371
120,207
1019,1020
71,70
244,371
209,1021
413,70
131,1000
1022,1008
860,1023
594,1024
958,982
292,995
652,70
1025,70
1006,1007
1026,70
1027,70
1028,189
66,1004
1029,70
579,70
764,1030
204,1003
745,1031
1032,1033
1034,991
364,70
1035,991
261,1000
1036,1037
307,70
3,63
20,1038
13,839
1039,1040
190,1041
1042,1043
765,766
422,631
796,631
1044,1045
8,1046
416,631
1047,27
1048,1049
429,27
1050,27
1051,27
962,27
1052,27
225,224
1053,1054
155,27
1055,27
659,27
143,650
25,63
151,27
2,27
1056,27
273,27
1057,27
412,27
7,1058
171,1049
477,27
939,1059
427,27
1060,1061
1062,27
1063,27
297,63
1064,1065
705,27
1066,27
1067,27
482,473
613,631
50,27
340,473
1068,27
203,650
1069,719
1070,719
414,473
718,719
929,1061
230,1071
420,27
128,27
55,27
1072,1073
1074,27
1075,1076
1077,63
366,1078
1079,719
568,719
837,719
1080,719
1029,27
232,27
432,27
1081,1071
261,1038
477,1082
753,27
5,1083
1084,1085
551,403
1086,403
1087,27
123,27
682,403
400,403
152,27
553,27
369,27
245,839
368,63
1088,27
581,27
1089,27
651,63
94,27
1090,27
60,27
1091,27
424,27
72,403
1092,27
1093,27
674,1085
1077,27
420,631
54,27
1094,27
387,650
500,27
345,27
245,27
998,1095
3,1096
131,1097
972,1098
8,1099
1100,1096
279,1101
3,1102
788,1103
1104,1105
164,1105
1106,1107
143,1108
413,484
143,484
1109,1110
15,565
1111,1096
429,565
1112,1113
161,1114
1115,1110
261,1096
1116,1110
109,1117
416,1118
1119,1120
143,1121
1122,1114
247,1114
641,1118
190,1123
525,565
109,1110
1124,1125
83,1110
358,1110
15,1110
98,1110
422,1118
126,1110
102,1110
291,1110
381,1110
129,1110
51,1110
171,1110
62,293
1126,1127
1128,1102
794,1095
302,1129
958,1098
1130,1096
1096,1130
60,1131
997,1095
1132,484
1133,484
1134,982
1135,1110
1136,565
1137,1138
166,484
1139,484
176,484
493,1140
1141,1142
204,484
340,1118
1143,1144
477,1110
556,1145
1146,484
202,315
750,565
316,1147
1148,1149
862,1118
480,1102
307,484
261,1099
246,1118
581,484
954,1103
66,1096
1150,843
20,1149
1151,293
420,315
1152,315
141,315
802,843
233,1140
1153,1110
1154,565
1155,1107
7,1138
598,1107
1156,1157
137,1145
3,1158
1159,507
1160,507
1161,507
1074,507
1162,507
171,490
306,507
479,507
209,1163
20,1164
1165,507
1166,507
1167,507
1168,490
197,88
1169,507
90,1170
1171,507
1172,507
190,1173
279,1174
898,507
1175,1176
1177,1178
469,1179
3,1180
1181,507
246,1182
998,490
109,490
459,490
408,1179
1183,1176
166,1184
631,1185
1186,507
190,490
536,1158
291,490
1187,1188
249,1184
1068,490
340,1184
209,1189
1062,507
1190,1191
66,1158
879,1192
1193,1185
1194,1176
1176,1194
117,88
508,507
1195,507
827,1158
1196,1197
92,1170
587,586
7,1180
1198,1199
261,1158
1066,490
1200,490
2,88
536,88
1087,88
1201,507
15,490
954,1202
129,490
128,1158
1203,1204
53,119
1205,1176
166,1185
5,1206
1207,1208
340,1209
1210,1197
456,1202
591,1208
20,1067
1211,507
102,490
482,1184
3,1212
913,345
3,1213
1214,887
1215,127
757,1216
1217,1218
1219,1220
609,887
544,578
143,1221
414,437
209,1222
633,1218
1014,1223
279,1224
156,155
188,374
611,887
1036,374
1225,1226
900,1122
1227,1228
1229,1230
1231,127
764,1232
1114,1122
95,1233
94,1122
1234,127
501,374
22,437
1235,1216
1236,887
1237,345
72,374
54,345
482,437
1238,1239
1240,1230
161,1122
121,127
550,578
27,1093
1241,155
60,345
443,374
62,345
15,1232
1242,437
27,345
178,180
1243,180
8,216
1244,180
1245,1246
442,519
601,600
190,1247
3,971
143,1248
1249,1250
1156,1251
1252,1253
8,211
1254,519
482,1255
1256,1257
272,1255
190,1258
164,1259
143,1260
550,519
261,1260
26,971
1261,388
520,519
209,1262
1263,388
518,1251
1264,1265
190,1266
56,971
1267,1268
141,937
938,937
1269,1265
1186,1251
1106,1270
1271,1272
1273,1274
1275,1276
442,629
1277,1251
179,738
1091,1278
141,971
497,971
62,388
1279,1268
846,1265
616,600
109,971
1036,1250
257,1280
1281,1246
8,213
3,1282
1179,469
926,1124
1250,1249
808,1124
3,1079
966,469
569,1283
8,294
169,1284
1285,1286
190,1287
190,1288
369,469
1246,1245
302,469
633,1217
1289,516
64,1290
48,469
1125,1124
1291,1292
1293,1294
1295,1296
155,469
1297,516
413,469
1298,1299
95,1300
1301,469
1302,469
1303,1245
1304,469
340,1305
201,1306
369,1307
1308,1245
597,596
1050,469
719,1079
176,1294
1309,1294
190,1238
488,469
1310,469
1311,469
1312,469
1313,469
1314,1217
1315,469
301,1238
358,1316
521,469
95,1317
1239,1238
1318,1217
1319,1299
1218,1217
1320,1217
420,469
1321,1322
651,469
7,967
666,1238
95,1323
1122,94
1324,469
1325,469
666,469
433,469
1326,1238
1327,469
1014,1328
1329,393
1330,469
442,94
1029,469
871,895
1331,94
575,1332
1333,469
1334,516
866,94
66,1284
62,393
1335,596
69,516
1336,1079
1337,1217
1338,1339
1340,469
1341,469
1342,94
538,469
8,1343
143,1344
3,837
674,1345
1081,1346
1347,105
1348,1349
505,497
498,497
808,497
145,1350
53,1351
1009,985
1352,1345
106,105
950,985
1353,1354
1355,1346
719,837
1356,1357
245,837
1358,497
131,527
951,985
257,527
450,1359
414,527
1176,1205
1360,1361
1362,1363
713,113
971,497
1267,113
397,1364
1365,1364
1277,1351
514,497
594,1366
19,113
1367,20
168,20
291,20
1368,20
1369,20
1370,20
1371,1252
929,1252
90,1252
169,1372
763,793
1373,20
1374,1375
1038,20
1376,20
1377,20
1378,20
555,20
1379,20
1380,20
481,20
1381,20
1382,1383
858,20
1253,1252
1164,20
76,1252
1384,20
21,20
1385,20
1386,20
32,20
407,418
157,20
1387,20
1388,20
1389,20
30,1390
1391,876
1392,20
1393,20
639,1375
545,331
1394,20
1395,20
1396,20
1397,876
1398,20
1399,20
1400,20
7,1401
1402,20
1403,20
690,526
414,436
1404,20
930,20
1405,20
1406,1252
682,1252
1407,20
1408,876
877,876
1409,20
1410,20
1411,1252
1412,20
1413,20
1414,1415
778,782
1416,1417
95,1418
478,1419
5,1415
488,1401
143,793
64,418
671,1420
83,793
171,1421
546,331
729,20
1422,20
1423,1252
1052,1401
1149,20
111,1252
1424,793
1425,20
582,436
312,1420
26,1426
517,20
192,876
1427,331
1067,20
1428,436
1429,1430
304,318
171,1431
482,1432
257,526
414,526
436,1433
1433,436
160,760
663,1252
682,1433
407,406
1434,137
1435,137
20,291
1436,1437
1438,1439
414,137
724,291
267,137
1440,137
1441,137
291,1414
137,1442
1442,137
474,137
1443,137
1444,137
1445,137
1446,137
567,137
777,1447
1448,137
1449,137
1310,291
129,1414
30,1450
1451,137
1452,137
1453,137
1454,137
1455,137
1456,137
1457,137
1458,137
3,1459
1460,137
1461,137
286,137
1462,137
1463,137
1464,137
1465,137
1466,137
396,137
337,137
1467,291
138,137
1414,291
1468,137
1469,137
1470,137
750,137
444,137
13,838
278,1442
39,291
143,1471
1472,1473
15,1474
261,291
1475,137
1476,137
1005,291
1477,1478
1479,1442
1168,291
1480,137
66,291
1481,291
67,1482
490,291
1483,1484
3,654
274,291
190,1485
1486,291
1487,137
1329,1439
305,1488
628,1447
1110,291
1489,591
622,291
197,1490
203,291
205,291
1491,591
1492,1447
1493,1494
680,1495
1496,1414
7,488
1497,1495
1498,406
411,406
673,137
827,291
1499,1478
1500,591
145,1501
1077,291
1502,1503
875,488
1504,1190
420,1505
188,350
1506,1447
1507,1447
201,1482
541,654
1415,1414
1508,488
1191,1190
339,291
1509,1510
1511,1510
1331,1495
397,1447
467,1512
558,1437
98,1414
283,1439
1513,1514
536,291
1515,137
339,838
66,1501
766,1503
1281,1447
1401,488
77,1437
1516,591
1517,1437
1518,1447
480,291
479,1437
1519,1190
1408,1437
1520,1473
1521,1482
1522,1447
1523,1190
1524,1190
1208,591
1145,137
1525,1526
77,1488
544,591
1527,291
218,291
126,1414
360,591
246,1528
190,1529
279,1530
8,548
20,1378
143,1531
169,1532
1052,518
20,1402
340,1533
1522,1534
164,1535
169,1536
1537,1534
38,583
129,1538
1539,545
846,545
662,545
331,545
1264,545
592,545
1540,545
546,545
13,1541
1542,131
921,920
279,1543
829,1544
1545,131
364,548
675,372
493,1546
808,1547
1136,131
1548,131
232,1549
30,1550
1551,1552
479,518
445,1553
646,131
1554,131
7,1555
38,1556
190,1557
20,1396
946,1534
261,1558
171,1559
1560,1561
79,1528
1562,1534
817,816
143,1563
480,1558
506,518
209,1564
707,583
1251,518
43,518
1565,1566
662,1567
1141,1567
967,518
1568,1534
1029,545
1149,1148
414,463
166,1533
77,1569
1169,1570
1571,1541
557,583
121,518
373,372
479,1572
1573,1574
1451,1558
1575,1555
166,1576
245,548
1577,506
131,1578
141,506
1579,506
518,506
846,506
478,506
1580,506
413,506
1581,506
455,506
90,506
209,1582
1583,1534
467,1584
400,399
1585,518
507,306
20,1422
999,129
1481,129
326,34
131,1136
53,1256
1586,1006
990,1006
1587,129
20,1381
1538,129
242,129
913,306
1110,129
274,129
1295,129
550,129
66,129
724,129
197,1588
98,1588
171,1589
297,129
1590,1591
1592,1593
1593,1592
1594,129
145,1595
340,1596
3,1136
991,1006
1597,1006
109,1598
803,129
1257,1256
1414,129
1599,1596
1573,129
1600,129
13,270
1411,1256
541,129
364,129
5,1596
934,1601
1602,1256
249,1596
102,336
190,1598
205,336
209,1603
167,306
507,1211
1007,1006
203,129
172,129
1604,1006
1605,1606
1371,1607
1478,1568
20,1387
1608,67
1073,1072
98,1598
1609,129
129,1609
1610,1568
1271,1611
169,1612
1482,67
169,1613
145,1614
1427,1568
1521,67
166,67
303,1606
857,581
1615,1601
252,1616
1617,67
1314,67
249,1025
143,67
1618,1607
565,1136
238,129
272,306
190,1619
1620,1621
95,1622
5,1422
368,129
340,1623
1624,67
68,67
556,1614
5,1025
1625,1626
225,67
128,129
1627,1628
490,129
1629,92
86,92
1630,1621
8,1631
358,336
480,1136
952,1606
731,129
1632,129
117,1136
1633,67
724,1612
188,1607
691,67
151,34
1634,471
594,1025
70,1025
1635,1636
360,1611
1637,1636
1227,1592
27,581
501,67
440,471
206,1596
954,1568
992,1638
1534,1568
594,67
93,92
1170,92
570,581
477,581
484,581
1438,581
1639,471
996,1568
282,1613
1527,126
1414,126
1640,126
1641,126
249,126
246,126
1642,126
1493,126
306,272
1643,959
482,272
25,126
387,126
694,129
2,129
91,820
597,599
209,126
342,126
13,126
1644,126
369,581
351,126
1645,126
143,1646
1647,959
923,720
1648,67
582,1649
169,734
1650,820
209,1651
558,1652
128,126
95,1653
455,820
1654,1655
1656,1657
897,67
1034,1626
364,126
25,118
541,126
1658,959
1052,1649
79,1622
257,581
1659,1660
1159,272
1635,1661
1606,952
939,952
1662,820
1663,1568
703,720
187,820
956,959
776,820
990,1661
1664,1665
604,599
1666,952
1667,1668
54,515
230,383
187,952
309,820
160,720
1669,820
449,448
639,720
934,959
1670,1671
960,959
172,375
180,1244
190,1672
300,383
1275,720
541,734
622,599
1673,1674
1675,302
1676,302
906,905
1647,820
1677,1668
1678,287
209,1679
1680,1668
1681,1682
877,1683
834,1674
288,287
483,287
1684,287
495,287
377,287
1375,639
340,302
1098,972
249,302
1329,302
8,311
205,302
469,302
95,1685
257,1005
141,972
291,1005
1686,302
72,979
171,1005
70,1005
326,1687
109,1005
956,979
203,311
148,147
1129,302
720,639
1688,147
27,1094
1088,1094
1689,1690
1691,1692
1693,302
145,1694
197,1695
209,101
53,819
124,682
860,689
689,860
1696,819
1697,819
20,1370
3,1698
1050,1699
671,1700
176,1694
1267,860
8,285
76,819
190,1701
184,285
1437,689
560,561
957,561
559,561
588,561
1702,1703
683,682
279,1704
1705,90
1252,76
20,1410
1706,1707
861,860
8,1708
209,1709
30,1710
612,90
22,1711
737,90
28,819
246,1712
1170,90
279,1713
283,305
57,90
8,1714
204,305
209,1715
1716,90
1106,90
22,1717
1252,929
3,1718
679,689
129,724
486,857
8,1719
190,1720
690,199
1686,1084
1601,934
111,929
171,724
1142,1141
70,1026
1721,585
1252,90
703,1722
164,1723
482,432
5,488
8,488
1724,488
62,199
1725,929
864,886
1473,1472
1726,76
129,305
7,1727
98,564
291,724
956,961
624,623
581,857
13,1728
389,199
169,1729
414,308
1730,90
1597,585
929,76
1731,1732
1733,857
857,1733
25,101
62,329
54,308
279,1734
1735,1736
292,305
111,76
1488,305
60,199
1731,1234
357,682
1737,561
1738,1084
1643,90
445,585
260,305
30,1739
663,76
1740,1741
76,90
90,76
355,857
810,623
52,819
598,1742
1743,1734
76,929
965,199
823,285
22,1026
819,76
869,90
1696,1744
1745,90
1299,1319
525,564
1702,1746
91,819
1135,83
1612,724
1747,564
764,1728
1748,682
864,585
190,724
1749,682
1750,90
1751,857
482,1752
51,222
98,222
7,724
1753,90
1754,90
571,1723
1755,682
355,886
1756,305
83,724
544,585
1757,724
776,780
340,488
1577,857
825,222
27,432
482,488
166,488
109,222
1758,1759
209,1760
403,682
203,1714
381,1761
506,90
707,724
257,488
1762,90
469,488
323,322
776,819
611,1763
1583,1763
1764,76
1019,90
1061,929
24,857
8,432
414,488
266,819
1197,1210
190,222
223,222
255,564
726,76
1765,90
95,1766
15,222
1767,222
740,749
511,510
929,1761
1768,780
1769,1763
575,1770
266,90
1771,222
1772,1761
414,432
171,222
1773,1742
266,1711
1774,1775
54,199
1776,1777
62,308
1778,1210
1673,1775
1779,929
94,432
1081,432
1647,780
98,724
221,724
22,432
176,564
594,199
1780,1781
844,724
1782,1781
1783,857
360,199
421,201
1784,1759
128,1781
514,1785
893,585
1334,1786
1620,1786
184,352
1756,929
1761,929
15,564
75,201
1068,201
622,432
1384,724
1787,222
1788,857
1789,724
1790,857
697,1791
266,857
15,724
1792,1793
197,1794
1795,1796
1524,1797
7,420
560,588
47,46
97,46
1199,1198
898,900
561,588
1122,900
169,1798
143,1799
1800,1793
556,1801
5,420
694,1802
823,1802
131,1802
1277,1796
453,1793
355,1803
983,742
384,742
1804,1805
95,1806
939,900
835,1803
469,1340
456,1807
1808,1809
611,420
580,1810
120,900
1811,543
74,73
1812,1813
918,917
864,1680
13,1813
1731,1352
1814,543
30,1815
1511,1816
199,389
532,562
784,73
983,73
30,1817
991,73
482,917
83,917
30,1818
1345,1352
1819,1352
431,643
189,346
1820,1352
594,917
878,1352
453,1352
95,1821
1822,307
987,986
1823,1352
1029,389
1509,1816
249,307
1154,389
1824,307
1825,1826
259,575
969,968
1827,575
1828,562
1331,346
95,1829
1830,575
70,307
62,389
1332,575
91,346
1770,575
404,389
1295,575
202,307
316,307
176,389
693,562
484,307
576,575
54,307
994,1831
1621,1620
1704,279
1832,1620
1174,279
3,56
190,1833
563,279
1834,279
1334,1620
1616,252
1835,279
663,1620
249,1836
1640,1837
1838,279
1543,279
1839,1840
1841,279
1101,279
261,279
1495,1497
1383,1382
507,1162
524,279
339,56
1842,279
25,56
340,1836
545,1264
253,252
1843,45
1734,279
22,1844
1224,279
1530,279
19,45
492,1845
1289,1620
1713,279
8,279
1846,279
67,1633
1847,279
143,929
1848,1849
904,279
1297,1620
143,1850
30,1851
1852,575
153,307
918,929
725,929
340,1853
1854,1820
51,1849
831,929
280,279
169,1855
543,1811
190,1496
1856,1857
442,1203
1265,1264
871,279
282,56
420,5
340,1858
971,56
1859,929
143,1860
1861,5
209,1862
416,1111
1863,279
201,929
1674,1673
206,5
171,1849
1596,5
3,1864
1096,1111
1303,1865
983,881
1866,5
1052,5
278,56
128,1203
663,929
1867,1868
381,1594
129,1594
171,1111
30,1869
382,1620
1870,1844
1871,84
1872,881
312,1873
1874,1035
190,1203
810,929
1875,1876
7,1111
6,5
3,1877
1678,1811
1878,1203
261,1855
147,1688
1025,5
991,1035
1879,929
1630,1880
413,5
959,1658
1664,1844
1083,5
789,84
1414,1496
1881,5
85,84
1882,1111
753,1883
1775,1673
109,1849
873,1837
732,5
488,5
1642,56
576,577
1088,5
1415,5
882,881
209,1884
679,696
1885,1886
1495,84
1879,5
369,5
558,84
111,1658
1504,84
390,1887
1888,5
117,56
1889,1836
974,1890
1204,1203
95,840
1891,1217
98,1849
1786,1620
632,881
984,563
339,840
969,970
230,1892
10,1325
1893,696
1195,5
784,1579
77,1111
128,5
1894,1895
102,1111
1896,1897
283,5
456,5
1206,5
891,5
249,1858
1898,1899
1900,1897
469,1325
1438,1897
1422,5
1901,5
1900,1507
190,542
291,1310
197,1
102,1310
543,1814
7,1310
302,1675
723,739
180,1243
1902,1310
160,739
30,1903
20,1405
1077,1
261,153
1904,1905
748,1061
706,739
2,1
1906,1907
784,1675
1908,1
173,1909
1481,1
339,1
1277,1507
556,1
291,1405
1910,1061
1911,1912
109,368
1447,1507
1913,368
1914,1081
663,1061
30,1915
682,1748
364,542
1916,739
1071,1081
1917,1909
121,1675
1918,1814
459,458
1919,1814
1920,1081
469,1310
1921,1081
1346,1081
7,1922
1923,1405
209,1924
739,1907
27,151
1925,1926
153,368
91,1927
432,1081
152,151
340,1243
126,1310
7,1928
266,1675
1929,458
813,1081
1696,1675
7,1081
349,368
1930,1931
1932,1907
1696,1507
1568,1610
485,1905
34,151
1933,1934
63,368
1935,1814
1936,1909
1937,1507
129,368
963,1331
13,1938
1620,1334
990,1939
497,505
1940,1941
952,1334
232,1434
1277,1334
30,1942
3,1848
727,1941
297,1434
1943,1331
1849,1848
865,173
1909,173
1944,1331
1442,1479
498,505
1481,1938
764,1945
369,204
50,1434
887,1214
67,594
810,594
917,594
360,1946
205,204
1495,1331
174,173
652,204
272,204
305,204
208,1941
249,204
77,204
1438,204
1329,204
492,204
137,1440
1358,505
663,1334
30,1947
1948,829
1898,204
484,204
866,878
1949,878
1024,594
1775,1774
1883,753
754,753
102,1950
128,1214
1230,1240
15,1950
199,594
1025,594
1951,878
1952,204
530,594
1786,1334
67,1648
358,204
346,1331
1953,204
94,896
1003,204
1366,594
7,1333
1954,594
1154,594
1955,1334
94,1331
516,1334
469,1333
1956,594
261,190
610,190
1957,190
236,190
1958,190
1959,190
1960,190
1961,171
1962,171
1963,171
1964,171
1965,171
1966,171
1645,171
554,190
190,1967
1967,190
1968,190
1969,190
1822,190
1701,190
48,233
410,190
137,1434
143,1970
948,190
1971,190
1972,190
1973,190
1974,190
1496,190
1975,190
191,190
1976,190
1977,190
1905,1904
1978,190
274,190
1041,190
169,1979
209,1980
1596,1599
490,171
1173,190
1833,190
1247,190
1981,190
50,171
203,190
297,171
169,1982
190,1983
1984,190
1983,190
1661,1635
51,171
30,1985
1573,171
66,190
66,171
993,190
261,171
854,853
1111,171
1642,171
1986,190
1987,190
1988,190
231,190
298,190
1989,190
1990,190
1720,190
1529,190
462,190
8,214
493,171
480,171
724,171
1991,190
1992,190
1287,190
1993,190
1994,190
1878,190
1995,190
1996,190
1997,190
1672,190
1998,190
1288,190
810,171
1999,171
1559,171
2000,190
190,2001
105,1347
258,190
2002,190
2003,190
2004,190
516,1289
2005,171
2006,190
1049,171
2007,190
2008,190
607,190
910,190
2009,190
2010,190
2011,190
2012,190
2013,190
2014,853
143,2015
2016,190
232,171
2017,190
747,330
297,190
493,190
2018,190
715,190
2019,190
1485,190
2020,190
2021,190
2022,190
20,1368
274,171
724,190
2023,190
2024,190
1484,1483
866,865
2025,190
8,2026
2027,190
2028,190
1123,190
2029,190
2001,190
2030,190
3,2031
2032,190
617,190
1258,190
1619,190
173,865
358,1304
408,697
17,16
2033,2034
2035,190
2036,190
2037,190
490,190
1557,190
2038,190
898,914
927,2039
2040,1635
542,190
1421,171
66,1970
771,770
2041,360
710,171
1075,1304
2042,171
1238,190
172,171
717,190
274,214
1537,233
996,2043
222,190
890,330
244,233
1781,1782
2044,190
1493,171
1589,171
190,2013
15,2045
1274,1273
1620,1289
2046,171
2047,171
1177,190
2048,171
1680,360
514,2049
2050,2049
581,330
209,2051
2052,190
702,360
7,1304
1266,190
207,233
708,171
933,233
1066,190
95,2053
203,171
176,171
62,360
1077,171
1849,171
2054,853
1203,190
471,1985
1005,171
1946,360
605,233
207,330
469,1304
172,190
652,697
1636,1635
601,635
1611,360
597,636
773,233
2055,2043
2056,2043
1598,190
597,233
331,330
976,865
541,190
773,360
2057,360
1431,171
2058,171
806,233
11,190
827,190
2059,2060
2061,171
652,698
222,171
2062,1304
2063,360
1140,233
414,499
467,499
815,770
1074,1304
846,360
50,190
862,2064
827,171
2065,360
1140,360
69,233
2066,233
2067,360
2068,171
249,499
199,360
2069,190
117,171
409,360
257,499
1791,697
873,2070
2071,190
1481,171
2072,360
591,360
2073,190
959,1643
1195,460
1911,460
416,460
408,460
355,2074
279,1842
209,2075
190,2044
13,2076
91,1643
190,1991
1052,873
43,460
190,1971
340,2077
30,2078
72,2079
1357,1356
798,801
30,2080
76,2079
467,873
628,2081
983,395
416,873
728,259
260,259
90,1643
727,259
1066,2082
536,2076
76,1726
802,801
862,460
2083,2084
2070,873
497,514
874,873
2085,395
202,395
575,259
2086,1643
2087,2079
963,2088
1837,873
1785,514
449,514
2049,514
507,1159
1118,422
641,422
423,422
272,1159
171,261
30,2089
2090,261
2091,261
230,261
262,261
1696,947
1696,2092
291,261
20,555
279,261
209,2093
2094,946
291,1467
20,1392
927,947
908,1159
2095,947
1534,946
249,1159
13,2096
159,261
196,261
1403,261
1558,261
323,2097
443,447
2098,261
340,422
83,261
2099,422
153,261
631,422
2100,422
187,1338
613,422
7,261
2101,2102
2103,261
491,875
1102,1128
15,1128
2104,422
707,261
2105,261
15,261
488,875
335,261
359,2106
1068,261
1158,261
1855,261
2107,947
2108,261
456,422
2109,261
1038,261
2110,261
364,555
197,261
2111,422
2112,947
95,2113
244,1518
2114,261
909,946
2115,947
709,261
1447,1518
909,947
2116,422
1099,261
190,261
239,261
1545,261
1314,2117
2118,261
865,976
158,261
2119,261
707,755
261,2096
2096,261
662,875
232,261
711,1830
682,1755
1339,1338
261,555
555,261
246,422
808,555
362,976
1000,261
575,1830
1075,875
339,261
128,261
1838,755
2120,261
861,875
523,261
2121,2122
157,261
1461,261
255,261
2123,261
522,261
22,1338
62,392
2124,261
1711,1338
51,261
87,261
354,353
102,261
1811,1678
209,2125
355,2126
8,183
3,2127
206,2128
1925,1751
190,1976
166,1132
169,1060
857,1751
190,1981
77,2129
530,266
204,2128
484,1132
209,2130
2131,580
201,2128
246,2132
287,1678
656,1678
2133,2134
256,266
1310,1902
2135,888
490,998
991,998
1095,998
1167,888
915,2136
2137,1223
456,2132
1061,1060
48,266
414,421
2138,1678
967,998
145,2103
77,699
765,812
2139,1060
2139,2140
22,2140
171,1999
358,1999
2141,888
261,2103
190,2017
2142,266
565,1154
84,1504
652,699
819,266
2062,266
90,266
693,692
1630,888
1868,1867
2143,2144
72,2067
2145,266
203,2146
1190,1504
95,2147
397,2148
1711,2140
594,1154
2149,2136
834,998
2150,998
983,2067
1810,580
91,266
330,890
581,890
100,2067
95,2146
176,2127
1711,266
857,1788
2151,2128
455,266
2152,1678
2128,2151
1675,266
544,266
624,266
551,2153
834,812
139,266
1156,266
126,1504
628,2154
889,888
758,580
2155,2132
560,580
326,1999
831,2156
1353,2157
360,2067
571,2128
857,266
381,1022
1943,266
1110,1153
1763,2126
201,421
1532,169
1979,169
2158,169
1913,169
170,169
2159,169
2160,169
848,169
2161,169
1982,169
2162,169
2163,169
1612,169
2164,169
200,169
1060,169
1004,169
606,169
2165,169
2091,169
1729,169
198,169
30,2166
535,169
1798,169
175,169
2167,169
2168,169
190,1990
876,1397
582,309
2169,169
902,169
2170,169
734,169
2171,169
2172,169
1613,169
2173,169
1536,169
869,2174
13,2175
1855,169
1284,169
2176,169
2177,169
2178,169
1391,1397
2118,169
2179,169
2180,169
2181,169
1517,2182
2114,169
2183,169
169,2183
2108,169
8,2184
2185,1697
1542,169
2186,169
1127,1126
618,309
451,169
2187,169
2105,169
778,390
1372,169
1828,390
2188,390
2189,309
2190,169
779,169
95,1771
2191,169
923,2192
3,2193
121,390
121,997
2194,390
281,169
310,309
1042,1397
340,2195
247,2196
2094,2192
1095,997
819,1697
52,1697
983,2174
726,1697
2197,2198
1840,1839
991,997
820,309
996,997
493,169
954,2192
27,1092
222,1771
206,2199
1650,309
2200,2196
1887,390
682,1749
2201,169
492,169
246,2199
391,390
1918,309
127,1234
1662,309
30,2174
319,2174
2202,169
2203,2204
233,2066
190,1959
128,1135
1086,627
169,2181
169,1542
647,487
20,1379
126,290
381,290
95,2205
726,725
1508,2206
1722,703
1193,2207
2208,725
663,725
13,2209
832,487
279,1847
292,627
409,487
476,627
995,627
996,940
2210,2211
631,2212
620,619
131,1542
711,2062
1193,2062
406,1498
2213,2206
1910,725
72,627
411,1498
2214,2215
627,725
50,290
725,627
663,627
929,725
117,2209
172,290
686,487
720,703
722,721
2216,694
209,2217
8,2218
2219,2220
2221,2062
130,338
143,2062
13,841
143,2222
2223,694
2111,477
70,477
292,1542
581,477
1437,477
190,1994
983,2062
169,2202
145,2224
1066,2225
83,1135
221,2226
420,694
1110,1135
131,1545
1267,2227
2228,290
1662,1669
2229,290
640,290
2230,290
820,1669
2231,703
671,725
381,1135
30,2232
143,2233
2234,2227
479,290
1227,2217
2235,2062
720,2062
1017,2062
1318,619
2215,2214
458,1929
990,2227
704,703
2236,2062
145,1545
150,263
141,940
201,2062
1756,2220
155,694
564,1747
5,1866
624,487
1242,2237
1626,1625
774,487
477,2111
1271,2238
652,2239
2240,2241
1050,477
2241,2240
2242,477
2243,1135
98,1135
109,1135
695,694
1304,2062
1238,1326
1361,1360
245,841
221,2212
2244,477
2245,477
631,2111
1802,694
266,2062
358,1135
102,1135
27,1089
190,2018
358,1881
727,2246
556,2214
2247,408
1438,2248
166,1089
8,1881
1630,745
2249,1336
314,467
2250,725
169,2168
197,335
1176,1175
3,2110
2251,694
2252,745
5,1881
405,408
20,1385
675,688
1478,2253
27,1057
480,2110
1179,408
260,321
209,2254
1185,631
873,467
476,333
628,2255
746,745
1537,2256
95,2257
2258,2256
1857,1856
334,333
370,369
172,335
827,335
261,335
730,1856
1537,1087
261,2110
129,467
109,1087
250,295
164,2259
77,369
13,2260
2261,745
836,369
60,1881
2262,1881
204,369
469,369
532,531
1068,1087
1512,467
88,1087
1200,1087
2263,408
340,369
2264,2265
493,2266
1362,408
1031,745
27,1087
499,467
281,1087
2267,2253
2268,369
575,1827
27,369
340,467
1217,1891
2269,2270
22,369
1079,1336
493,335
51,1087
2271,467
727,1827
1584,467
581,369
1438,369
176,2265
414,369
505,1358
169,2170
1881,2262
1793,1792
20,1384
20,1377
1084,1686
497,1358
1873,312
190,2002
946,2094
1081,1914
2192,2094
145,2272
13,2273
663,2208
292,2274
13,2275
898,913
358,2042
469,1311
469,1315
20,1413
145,89
306,913
1112,1823
1242,22
798,797
748,2276
8,2277
8,1792
1717,22
1703,1702
725,2208
1110,1109
2278,913
2279,913
808,913
2140,22
22,913
1746,1702
2280,913
143,2281
209,2282
206,1377
1420,312
50,1914
98,2274
724,1384
302,1686
479,1914
109,2274
102,2042
189,1028
923,312
1034,312
2054,2283
369,913
2284,913
954,312
2,89
81,1792
964,1792
440,470
915,2285
345,913
2286,2208
94,913
359,22
2287,2274
2288,1028
2265,2264
282,89
1365,312
2289,312
2250,2208
1195,913
143,2290
197,66
519,442
2211,2210
209,2291
129,66
468,672
2292,761
30,2293
246,1889
456,50
404,316
15,66
171,50
22,1242
1330,50
187,1242
155,181
190,66
190,1995
171,66
109,1077
1242,50
38,1077
163,316
690,181
126,66
1,1077
381,66
2237,1242
30,2294
1088,316
1561,1560
7,50
491,66
14,50
145,2295
190,2008
291,66
2296,442
10,50
50,1242
474,66
246,2297
109,66
291,1077
1630,66
95,2298
2299,1077
63,1077
1751,1925
3,66
1836,249
1588,98
13,2300
1025,249
1434,50
808,1242
534,549
1043,1042
2301,249
202,249
413,66
83,2302
2303,249
60,571
229,228
2304,2017
2165,571
909,442
190,2016
292,2300
1970,66
2148,397
102,2302
1447,397
413,442
203,2300
131,646
13,646
13,2305
1184,249
143,2306
1537,963
8,99
663,748
628,1689
777,963
1061,748
852,851
60,181
126,249
309,2189
7,2307
300,299
488,257
2276,748
64,2308
899,316
62,181
83,1242
297,98
169,2158
316,2309
1005,257
4,66
126,1077
422,2100
51,66
581,249
1110,98
302,249
641,2100
20,1412
1397,1042
591,1500
1074,257
2310,257
1331,963
2309,316
564,98
15,571
1159,249
453,438
261,2090
664,257
1147,316
765,50
1596,249
2311,323
143,2312
8,2313
145,2090
143,2314
227,257
95,2315
2112,2316
1105,1104
8,2317
209,2318
95,2319
168,282
1776,257
281,282
2320,316
301,249
2321,257
164,1104
2322,2323
1004,66
290,2228
1177,2324
102,2325
2,98
2097,323
501,442
1414,98
79,98
1598,98
1849,98
148,365
109,282
611,1689
369,257
185,79
153,79
27,1077
2326,249
456,257
1190,1519
128,50
1158,66
1203,442
222,98
205,249
703,2231
1280,257
2,99
1360,257
102,282
64,2327
56,282
454,438
8,2328
13,66
51,571
565,257
230,79
171,1077
221,66
1096,66
443,442
307,249
278,98
1613,282
133,963
1501,66
83,2329
1723,571
98,2189
2189,98
2145,98
86,2330
102,1077
2331,98
204,249
1573,98
302,1693
724,98
2,571
79,249
1314,442
484,1146
30,2332
532,571
184,257
1277,442
94,442
3,282
2333,257
257,2333
413,257
504,257
706,1932
1690,1689
526,257
527,257
909,772
1364,397
443,512
1208,1207
2334,79
249,79
1908,50
1907,1932
723,1932
176,646
663,672
1284,66
89,282
190,50
1527,98
499,257
1914,50
2335,2336
1926,1925
641,316
493,646
22,2307
26,2017
1622,79
581,257
307,316
241,397
1507,1937
1809,1808
2122,2121
726,748
256,2308
1528,79
2088,963
1135,98
892,98
1858,249
480,2337
499,249
2128,571
128,98
2338,98
11,646
762,761
145,2338
164,2338
98,2338
2339,2189
1836,1889
1789,66
629,442
2274,98
480,98
437,1242
2090,66
1952,13
2340,13
160,705
12,13
1728,13
22,2278
2273,13
2341,13
2300,13
2342,13
1780,13
955,1539
525,13
545,1539
1541,13
2212,631
2343,13
646,13
197,2344
1000,13
2345,13
1789,13
2123,13
2346,2347
2348,13
2305,13
2349,13
2175,13
203,13
491,13
558,2350
2351,13
2352,631
1226,1225
2353,13
87,13
2275,13
560,559
1938,13
1437,1436
2354,1539
561,559
2355,13
839,13
8,2356
1724,1225
291,1486
14,13
2076,13
2357,13
190,2019
2096,13
1607,188
2358,13
196,13
2359,13
2360,13
838,13
2361,13
759,13
833,13
30,2362
841,13
913,2278
1921,13
190,2032
291,622
2209,13
1134,1681
529,13
270,13
2260,13
13,2363
2363,13
2364,13
1314,1436
2109,2365
597,604
330,1436
166,2366
599,604
51,2367
790,13
109,1879
2368,705
1144,1143
201,2278
2369,2370
149,622
339,13
1607,1618
1813,13
1682,1681
878,1951
172,13
117,13
5,1879
95,2371
66,13
83,1486
102,1486
292,13
480,13
808,2278
340,1486
95,2372
597,622
827,13
2373,2278
432,622
596,1335
60,2278
929,1879
1295,2374
690,1436
15,1486
2111,631
708,2362
2375,205
599,622
2069,205
126,13
1193,2376
13,2349
923,727
1517,584
2246,727
209,2377
29,28
487,832
490,1168
169,281
30,2378
2197,1036
788,2194
2379,2380
1008,1022
1054,1053
7,2381
2382,584
1910,2383
2384,727
1813,1812
1694,176
2385,2386
2387,727
1941,727
1852,727
137,1460
8,215
846,2388
2142,727
1544,829
8,237
1918,355
390,2194
259,727
27,1063
956,955
2389,2390
282,281
7,1066
27,1066
172,281
2082,1066
1218,633
667,955
667,2391
1539,955
1235,757
30,2392
1075,757
7,1327
1231,2393
246,2394
2134,2133
1216,757
166,2395
95,2396
190,1066
1575,2397
728,727
190,2020
857,355
540,584
8,1327
283,1329
247,2398
913,2284
1439,1329
137,567
613,614
159,176
297,271
364,567
302,1329
143,2399
2220,2219
2400,1168
1238,666
564,176
2401,1825
2402,1825
803,832
316,1088
1838,176
556,176
490,1066
358,1022
13,2364
360,2057
466,465
652,666
171,176
684,2403
62,176
1294,176
484,176
2225,1066
1516,955
95,2404
1481,281
1087,281
1826,1825
2405,727
1294,1309
303,2406
1217,633
1643,2086
469,666
234,176
2407,2086
1081,1920
652,659
871,176
846,955
204,1329
312,1365
1364,1365
808,1309
102,1329
2408,2086
1037,1036
931,751
1953,1088
389,176
27,1088
27,659
2127,176
203,237
303,2409
1940,2410
22,2411
752,751
1250,1036
667,2412
1803,355
902,176
52,28
646,176
356,355
2137,955
1907,1906
830,829
5,1088
38,176
2413,727
120,727
2265,176
2414,1022
128,1168
921,980
1827,727
1757,176
393,1329
886,355
1094,1088
469,1327
2055,2415
143,2416
190,1978
143,818
615,232
129,274
1549,232
2417,2418
1434,232
381,232
20,1369
2092,1696
261,2287
1140,493
227,232
469,966
190,274
601,602
377,2419
2420,1560
40,39
765,232
171,274
1068,232
109,232
2357,274
291,39
107,1885
849,966
143,2421
171,493
169,2191
83,493
494,493
1000,232
190,493
358,232
171,232
271,274
1438,232
802,232
291,274
15,232
1630,2150
1675,1696
222,2287
1075,493
255,274
197,493
2422,493
947,1696
1744,1696
1430,1429
1789,232
479,493
2155,493
27,232
819,1696
954,2267
52,1696
998,2150
1546,493
214,274
64,493
764,232
109,493
1451,232
2278,2373
1545,493
2274,2287
2423,232
477,2244
2266,493
261,232
491,274
339,818
490,2287
8,493
2155,232
1662,1696
2424,493
221,232
110,1885
2425,493
1507,1696
2152,2267
2253,2267
15,274
335,493
646,493
1886,1885
2426,1696
381,493
169,493
1003,197
745,1630
1329,283
1621,1630
171,297
177,64
209,2427
8,2428
1,197
3,1069
1507,1900
958,550
2308,64
2429,197
169,2179
121,1513
256,64
1695,197
2430,197
335,197
2431,197
1588,197
2432,197
2344,197
197,2433
2434,197
2433,197
2435,64
1434,297
96,197
2347,2346
2436,64
98,197
10,197
434,197
190,297
519,550
2437,450
126,297
198,297
492,283
98,297
1290,64
1321,64
2438,197
2252,1630
88,197
441,197
1490,197
63,297
51,297
2439,197
1794,197
827,197
2440,64
416,64
493,64
305,283
102,2427
261,197
172,197
1438,283
205,283
761,2292
2441,197
129,297
544,550
1016,2442
61,64
60,64
141,64
129,550
2327,64
171,708
493,197
2141,1630
271,297
2150,1630
1793,1800
2443,64
145,197
164,197
888,1630
1783,2444
719,1069
1898,283
66,1630
2445,197
209,64
2446,550
418,64
126,708
709,708
1880,1630
827,2447
2402,1630
62,64
230,197
2362,708
1518,244
2448,297
2449,2450
774,883
109,297
578,550
414,450
1154,64
1724,1630
711,1630
1439,283
1514,1513
1359,450
469,538
414,538
5,283
1897,1900
168,297
8,283
209,2451
77,1579
719,1080
3,1080
13,2358
95,2448
202,359
590,589
2106,359
2452,2453
2454,823
823,2454
2455,823
1579,823
784,823
823,1579
190,1968
1251,1156
1110,15
187,359
2456,359
553,552
1447,1492
1303,1492
83,2457
121,2454
190,2024
990,823
22,359
1330,823
2458,823
913,2279
1769,2457
1052,823
887,2457
2411,22
1118,862
460,862
2064,862
641,862
809,862
2459,862
2460,862
2461,862
2099,862
663,2250
725,2250
1050,862
1934,1933
1157,1156
202,386
789,823
297,2448
412,862
2462,862
1802,823
171,2061
266,1156
8,2463
1477,412
789,794
1220,1219
164,630
54,412
2335,2464
64,2440
285,823
60,2465
22,2280
358,2463
1553,445
808,2280
8,2466
876,1391
13,1952
7,412
362,924
991,794
2467,2280
27,412
1843,108
1397,1391
143,2468
876,1408
164,2469
11,630
257,1776
913,2280
2470,1391
1438,2279
651,862
128,862
2471,1014
20,1399
506,1579
808,2472
843,1150
1050,823
2208,2250
2473,1014
436,1428
1777,1776
90,1765
1437,1408
1949,2474
204,1952
1095,794
1398,1901
22,2475
247,2476
788,2477
1393,1901
1223,1014
682,2478
5,1901
60,1014
2479,1014
2049,2050
128,1776
72,2478
358,412
1637,2474
2480,1014
2137,1014
1711,2280
414,412
19,108
862,412
639,2481
887,611
609,611
178,177
143,2482
27,1050
8,159
476,611
209,2483
929,111
663,111
671,194
209,2484
386,1050
203,159
1138,1137
1699,1050
143,2485
195,194
416,2486
7,2487
1711,1091
143,2488
238,286
137,286
209,2489
164,677
678,677
76,111
390,2188
1188,1187
2490,1187
2200,1187
270,159
30,2491
261,159
663,611
53,111
246,826
935,177
2492,111
117,2482
1689,611
339,826
1658,111
72,111
176,159
1601,1615
60,2188
1278,1091
420,611
1763,611
477,1050
823,1050
362,611
1252,111
112,2493
2155,2494
1756,111
1141,2495
164,2496
660,2495
358,1050
27,1091
862,1050
3,1200
2,77
1579,77
2129,77
2401,2402
339,186
8,186
2350,558
699,77
145,2497
1084,1738
1825,2402
1113,1112
490,1200
1635,2040
1823,1112
1437,558
1087,1200
230,2498
658,77
139,319
1630,2402
1652,558
190,2025
1940,2499
2251,77
72,595
204,77
456,77
1303,2500
1438,2501
292,2502
690,2503
719,77
1029,77
1195,77
879,2504
2505,2506
1052,77
167,77
2507,77
530,558
2174,319
1780,565
155,77
141,77
1342,2508
60,1112
2509,77
2510,77
1488,77
1111,77
2115,1112
1525,558
1437,77
430,77
597,77
304,319
1632,77
84,558
1569,77
394,319
369,77
933,988
975,319
80,132
131,2497
1195,2511
507,1074
190,1988
1000,131
91,1647
309,1650
2216,131
3,568
246,2512
1252,1423
190,1992
2513,135
292,2514
136,135
2515,568
429,1074
2516,1074
792,791
959,1647
2086,2407
420,131
1097,131
1678,2138
257,1074
820,1650
2517,2310
266,256
64,256
143,2518
178,256
2519,2520
1196,2407
1560,2420
72,1650
1650,72
1285,1943
1331,1943
190,2038
2102,2101
155,131
364,568
381,2521
1662,72
358,2522
60,2523
1304,1074
1650,1647
1647,1650
2425,131
141,256
2524,2101
2525,2526
2308,256
1802,131
201,256
90,1745
91,1650
30,1573
1911,256
1574,1573
27,1074
131,2223
694,2223
2223,131
95,2527
780,1647
206,131
455,1650
1581,2528
527,131
719,568
469,1341
2341,131
825,131
102,131
820,1647
266,1943
1578,131
31,131
2497,131
326,256
381,131
954,2407
13,1780
358,504
1492,1303
2500,1303
120,569
2387,569
190,1996
456,2519
2387,757
261,2091
169,2091
117,2091
1245,1303
1522,1303
1816,1511
169,2118
209,2529
933,964
143,2530
8,270
598,1769
20,1386
736,735
209,2531
1568,1427
1539,2354
682,357
72,357
887,1769
30,2532
2520,2519
135,2513
166,504
129,1587
536,2091
190,2000
190,2030
2533,2534
1391,2470
46,97
1865,1303
323,2311
8,2535
190,2021
95,2536
1506,1303
95,2537
758,757
209,2538
2457,1769
159,270
1611,1271
2539,1303
209,2540
261,2118
2541,2542
1081,813
2528,1581
1792,964
60,504
1510,1511
257,504
7,2543
368,2091
340,2544
188,357
739,1916
27,429
1754,2545
1628,1627
407,528
1293,2091
1910,2546
2263,2547
565,1780
30,2548
98,2331
2549,2519
1074,429
506,1581
1781,1780
51,1587
1272,1271
209,2550
414,504
277,1780
2238,1271
169,492
95,2551
2552,1303
570,569
1763,1769
2553,1769
2263,504
1438,2554
331,1427
1268,1279
2555,2556
814,813
47,97
898,936
2557,2091
1845,492
764,381
30,381
232,381
847,846
77,2251
169,2108
143,2558
127,1215
584,1517
1040,1039
1732,1731
1052,112
947,2112
456,1068
13,759
2559,2560
545,846
5,1861
190,2010
290,381
2388,846
190,2009
684,2561
486,845
1186,2562
287,495
1804,1731
585,1721
201,112
1234,1731
490,1068
232,1068
1573,381
66,381
541,381
2521,381
1594,381
277,381
358,1721
95,2563
456,846
275,2564
2182,1517
1223,2137
377,495
1352,1731
13,1921
2504,879
483,495
76,112
956,112
2397,1575
1135,381
277,759
2101,2524
27,1068
2565,1517
628,1068
190,1977
1555,1575
2316,2112
2422,292
2501,1438
847,566
694,2216
1632,381
778,777
963,777
1579,784
20,32
489,491
60,292
13,2351
131,2216
75,1068
13,2353
765,784
2436,1438
37,36
2566,36
1439,1438
261,1068
109,1068
30,1772
1447,777
2034,2033
209,2567
778,788
8,1438
2300,292
1052,1438
73,784
283,1438
2502,292
918,112
1751,566
143,2568
15,292
1286,1285
955,846
1120,1119
2,32
261,2108
426,845
1081,1921
13,491
1103,788
305,292
201,2216
1943,1285
230,2569
66,491
480,491
544,566
62,292
7,430
1675,784
83,292
1640,381
705,2368
1087,1068
2252,112
765,292
232,1438
133,928
875,491
416,2462
2144,2143
201,1068
480,2155
2570,2155
29,112
2493,112
272,381
301,1438
1237,292
2494,2155
506,846
339,491
789,835
3,2571
95,2572
955,2137
414,430
566,846
2573,788
232,2155
694,2251
493,381
112,918
1265,846
11,381
2574,1438
8,2575
1437,1517
502,2563
2576,2577
471,1772
2578,1119
1014,2137
2579,2580
2581,381
823,784
710,759
2252,918
340,2582
533,2583
2274,292
627,292
2477,788
2194,788
204,1438
2514,292
1542,292
579,381
1022,381
351,381
862,2462
581,1438
995,292
387,381
187,846
145,292
13,292
131,381
360,846
77,430
2248,1438
143,918
128,292
75,292
1761,381
2584,1438
1438,2584
2585,777
906,788
1931,1930
660,1580
60,2584
2279,1438
1897,1438
480,32
506,1580
1761,1772
2554,1438
846,566
274,491
369,1438
1154,1438
1803,835
1590,2586
3,2098
169,2186
143,2587
1547,808
2280,808
2562,1186
497,808
67,1617
1918,1617
261,2098
582,1602
536,2098
1124,808
190,2028
913,808
765,808
2323,2322
95,2322
187,808
2278,808
1941,1940
2588,1617
1617,2588
2589,1940
1314,2588
939,1617
2590,2098
550,2446
1242,808
1309,808
1251,1186
137,1448
597,603
230,2591
455,808
22,808
555,808
2422,808
2086,2408
1565,2592
2410,1940
1006,1604
2472,808
2593,808
209,2594
197,2429
524,128
1135,128
279,1834
2595,926
13,2345
143,2596
169,2190
27,128
20,1398
1617,939
863,2597
2598,919
1124,926
362,919
1375,1374
143,2599
1059,939
952,939
1060,2139
906,926
2140,2139
190,2012
922,939
1214,128
366,2600
2067,100
189,341
2261,2601
949,128
90,1754
541,128
57,100
50,128
292,128
381,2581
1303,1506
95,2602
1203,128
2407,2603
680,2597
1901,1398
1477,128
647,2604
2605,2606
1499,2597
1447,1506
2545,1754
900,939
1764,100
126,1641
247,128
129,128
1158,128
134,128
2607,128
2608,128
120,2597
5,128
98,128
91,341
1781,128
719,128
126,128
862,128
261,128
172,128
1168,128
1014,2479
1776,128
279,1835
197,10
13,2348
381,764
2463,8
90,1106
2206,1508
1675,121
50,10
532,10
27,1047
2042,8
2428,8
2277,8
2609,8
2466,8
740,8
2085,8
710,8
2610,8
143,2611
1792,8
167,8
923,121
190,1974
727,2142
1265,1269
171,2046
1438,8
279,8
1106,2612
1051,8
1062,8
2612,1106
2613,764
124,1411
727,2384
2070,8
2614,8
1728,764
190,1993
1945,764
2615,764
109,764
765,764
1049,1048
204,272
1513,121
1327,8
785,8
631,2352
1107,1106
1631,8
945,502
997,121
390,121
3,1554
2,10
131,1554
1004,764
982,992
64,2435
83,764
2616,2617
277,10
1232,764
95,2618
1030,764
2619,272
1252,1411
1255,272
2506,2505
1256,1411
27,1067
273,272
2620,764
2328,8
420,8
518,121
467,8
266,2142
413,8
887,1236
2563,502
582,1411
1168,2400
126,502
1638,992
2621,1106
2622,8
2623,1236
488,1508
1270,1106
188,328
869,328
285,8
488,8
952,328
422,2104
1330,8
2624,764
1881,8
429,8
232,764
432,8
2454,121
632,2625
5,1888
477,8
1034,2617
398,103
202,8
283,8
2157,1353
1325,10
2575,8
503,502
1086,328
95,2626
1088,8
1724,1508
1354,1353
384,8
477,2242
123,8
155,8
1029,8
820,91
1767,8
548,8
182,8
2425,8
9,8
922,91
422,641
1252,1371
490,109
996,2627
2627,996
2184,8
2628,8
991,996
164,2629
461,8
185,8
940,996
2630,8
1099,8
190,1958
2615,8
2218,8
821,8
1118,641
2535,8
1598,109
3,109
2631,8
416,641
2317,8
143,2632
915,945
945,915
232,109
2026,8
1077,109
277,109
368,109
169,2187
916,915
13,2360
261,109
246,2633
764,109
1117,109
744,301
963,1537
744,743
682,91
2634,91
2100,641
2356,8
644,246
2635,246
1568,996
2636,246
2637,246
2199,246
340,246
167,301
2394,246
2638,246
2297,246
2639,246
819,91
2640,246
1534,1537
955,1516
2641,246
95,2642
2285,915
2643,246
2644,246
1712,246
1299,1298
1607,1371
2645,246
2646,246
2647,246
2648,246
66,109
2649,246
2650,246
541,109
2494,246
1650,91
249,301
2651,246
776,91
674,2652
2653,246
2654,246
2655,246
2058,109
2656,246
2657,246
2658,246
2659,246
2660,246
2661,246
2662,246
523,246
1889,246
57,91
642,641
1879,109
480,109
222,109
339,109
765,834
1647,91
764,2624
502,945
233,1537
2043,996
409,1371
1238,301
998,834
1674,834
1643,91
361,246
2663,246
2664,246
2665,246
282,109
2124,246
1118,246
2666,246
2667,246
2668,246
1747,246
2266,246
2669,246
1182,246
2570,246
2633,246
2670,246
1005,109
2671,246
2474,1949
2672,246
2673,246
2674,246
812,834
1528,246
296,246
2675,91
826,246
2119,246
869,91
297,109
2676,246
2512,246
2677,246
2256,1537
2678,246
25,109
1111,109
344,91
2679,1516
1087,109
2680,246
2681,246
91,2492
2492,91
2682,246
1068,109
246,2570
1411,582
1438,301
862,641
2683,1949
493,8
2684,246
2685,246
878,1949
556,109
316,641
971,109
1849,109
95,2686
2543,109
387,109
591,1516
1927,91
724,109
111,2492
206,246
743,301
301,743
916,945
2687,1298
2688,2492
1813,109
869,582
1236,2623
77,109
2274,109
997,996
984,109
2689,246
341,91
2690,246
117,109
2155,2570
278,109
266,91
346,91
493,109
422,246
1135,109
2691,143
414,416
580,2131
1477,2692
2568,143
1237,143
425,143
247,2693
1111,416
822,143
2518,143
537,143
2281,143
709,143
460,416
641,416
2596,143
2694,143
1108,143
169,2164
2290,143
2695,143
2611,143
2416,143
268,416
484,143
2599,143
2530,143
7,416
1970,143
198,277
2099,416
2587,143
2558,143
2459,416
2696,143
477,416
1531,143
83,143
381,277
209,2697
1118,416
767,143
665,143
2306,143
1471,143
2698,143
8,821
1646,143
2468,143
2699,143
2700,143
2312,143
340,416
102,810
2701,143
109,277
650,143
2421,143
2702,143
1563,143
26,143
818,143
2703,143
2486,416
1850,143
2704,143
1121,143
2488,143
2314,143
623,810
1860,143
2462,416
1820,1854
144,143
2632,143
1799,143
30,2705
2706,143
20,1380
2707,455
2708,143
2709,143
435,143
1260,143
2399,143
2710,143
169,2105
1221,143
2711,143
26,277
3,1070
2222,143
2712,143
929,143
572,2713
572,2714
7,810
2715,416
862,416
1296,1295
2015,143
2482,143
10,277
2485,143
1308,2716
95,2717
906,907
413,455
1650,455
209,2718
1344,143
2719,416
706,2720
327,1100
2233,143
422,416
645,416
763,143
1499,2692
67,143
206,416
2721,143
714,713
631,416
54,416
919,2598
64,416
51,277
873,416
129,1295
1248,143
823,2458
820,455
2722,143
1096,1100
2060,2059
64,2443
484,1133
680,143
51,2723
261,2105
918,143
929,1779
793,143
126,277
764,2620
759,277
339,821
869,143
1606,1605
765,769
1814,1919
137,1461
8,2630
594,810
209,2724
246,2650
1918,1919
413,416
929,810
2091,1293
1844,326
719,1070
584,2382
340,2725
429,326
361,2726
15,1293
2450,2449
36,2566
209,2727
2728,277
27,1090
3,1100
113,713
1780,277
450,2437
575,1295
266,455
2374,1295
2729,2730
95,2731
2732,2693
209,2733
102,277
2062,143
2114,1293
1516,2679
2734,326
76,1764
2054,2735
857,1790
227,277
128,2607
1687,326
2688,2736
727,2413
206,2727
794,2382
990,1854
100,1764
2424,277
808,455
506,455
273,326
256,326
1999,326
66,2090
261,1461
2737,247
1006,1597
243,242
8,2631
2693,247
585,1597
428,247
433,2738
2565,247
2398,247
711,247
2739,247
1277,247
161,247
513,247
1273,247
338,247
190,1878
1801,556
1114,247
261,1403
129,242
20,1403
811,556
859,366
663,1910
1061,1910
84,1871
413,247
1514,247
221,556
2740,2741
1203,1878
652,653
2732,247
765,556
1217,1314
1074,2516
723,247
725,1910
2546,1910
340,2742
1614,556
706,247
1540,1910
2383,1910
601,621
207,1314
954,1314
2743,2744
885,884
176,556
2745,247
565,247
2588,1314
1078,366
52,1314
967,1314
2476,247
55,247
1828,247
2196,247
2098,2590
2600,366
367,366
109,556
1145,556
2117,1314
1298,2687
862,2460
704,556
1696,247
1814,1935
148,247
1756,556
2214,556
171,2068
128,247
2746,556
501,509
443,509
442,1314
963,247
2495,1141
608,616
164,1548
169,2159
190,1986
197,2438
952,680
143,26
422,456
853,2014
8,1767
247,2732
70,456
1068,456
1495,680
143,2712
77,456
381,1640
126,456
143,2698
1909,1917
131,1548
846,456
50,456
166,2747
2132,456
681,680
601,616
2503,690
2310,2517
199,690
178,248
1837,1640
13,2361
784,2748
2,26
126,1640
181,690
2749,690
179,690
526,690
971,26
277,26
1426,26
1202,456
600,616
952,1666
180,248
2085,2750
257,456
2017,26
222,1767
7,456
2751,690
1436,690
2693,2732
166,456
2597,680
414,456
143,680
72,680
358,456
1911,2750
1918,1342
5,456
2197,1342
94,1342
1807,456
2613,1342
2519,2549
426,2752
2508,1342
169,2114
159,203
2300,203
1167,2715
1062,2715
416,2715
651,2715
3,2424
611,609
767,203
126,203
190,1960
563,203
13,203
2552,2490
190,203
171,51
947,2095
279,1846
2753,203
925,203
2,38
858,203
291,203
377,2152
1187,2490
171,1642
126,1642
1556,38
164,38
2253,1478
83,203
27,1056
1077,38
171,203
930,203
277,51
788,2573
2367,51
95,2754
262,203
480,51
887,609
2146,203
1568,1478
1671,1670
2723,51
222,51
1714,203
2593,203
137,1469
120,2755
583,38
571,51
175,203
7,203
476,609
66,51
250,203
90,1716
172,51
983,2756
312,1034
1678,2152
2299,203
2757,2755
297,51
245,38
2758,203
1087,51
261,51
11,51
261,2114
25,51
15,1642
102,1642
56,1642
311,203
316,2320
2109,203
1293,2114
827,51
129,203
650,203
95,2759
518,1585
176,38
1277,2152
2617,1034
1626,1034
277,2424
235,203
991,1034
2267,2152
120,1523
7,2760
1587,51
237,203
2761,1277
493,2424
1002,990
725,663
1006,990
1007,990
1939,990
991,990
1190,1523
2227,990
197,536
1334,1277
1910,663
1334,663
1620,663
2076,536
611,663
30,2762
2098,536
2091,536
209,2763
2407,1196
918,663
8,2764
197,2432
20,1389
137,1464
2726,361
247,1277
111,663
95,2593
76,663
627,663
1507,1277
1158,536
126,536
995,663
537,536
670,687
1061,663
117,2593
203,2593
1558,1451
1197,1196
209,2765
62,361
2652,674
2766,674
929,663
468,663
2208,663
568,2515
823,990
88,536
795,663
748,663
2390,2389
2250,663
1661,990
1251,1277
1016,990
672,663
1796,1277
1351,1277
1085,674
923,1277
246,361
7,2767
291,536
91,2675
1854,990
808,2593
137,1451
232,1451
442,1277
1252,663
1724,2768
2152,1277
60,361
694,1870
13,2341
209,2769
171,2048
1303,1522
358,1195
13,2355
1352,1819
2017,2304
190,1975
2770,42
37,42
197,2445
20,1393
2771,2772
2773,330
2774,1195
77,1195
789,807
385,1195
1741,1740
1187,2200
1110,1115
1087,1537
2775,1195
507,1195
1419,478
190,2052
469,1301
209,1227
1534,1522
1901,1393
1844,1870
7,1195
413,478
20,1388
5,1195
54,478
927,2289
98,1527
126,342
290,2230
467,2271
261,2119
2769,1227
1227,2769
1517,2565
482,1195
131,2341
291,1527
645,478
126,1527
2511,1195
246,2119
343,342
1592,1227
206,1195
312,2289
913,1195
1447,1522
594,1954
506,478
143,2702
1245,1308
661,660
25,24
79,230
2692,1499
1617,1918
1477,1499
60,230
384,230
54,230
2716,1308
652,651
3,2776
739,723
1814,1918
2498,230
199,230
355,1918
330,2773
1844,230
857,24
2569,230
190,2035
1478,1499
62,230
2715,651
261,230
90,1705
480,230
169,2173
2561,684
679,684
1,1908
1029,660
390,1828
857,1783
2283,2054
104,110
160,723
387,230
2495,660
63,651
197,230
2777,684
107,110
1892,230
2778,2779
2403,684
2585,1828
2591,230
1027,230
562,1828
853,2054
1940,2589
1742,1773
469,651
2780,2781
383,230
645,230
1014,2473
2597,1499
2585,2782
1919,1918
247,1828
2444,1783
1342,1918
1753,2783
190,2071
1895,1894
1932,723
862,651
117,2784
1580,660
309,1918
2735,2054
1885,110
50,1908
424,230
261,2124
558,230
2058,230
56,3
169,2163
7,3
1349,1348
1330,120
190,1177
1080,3
2193,3
63,3
1282,3
2776,3
2110,3
654,3
2127,3
569,120
827,3
568,3
2387,120
409,120
221,3
941,120
1069,3
1180,3
679,120
1102,3
718,3
1718,3
154,3
1213,3
545,592
1882,3
2741,2740
1459,3
2098,3
2424,3
479,162
163,162
1096,3
1079,3
837,3
4,3
956,52
234,3
1070,3
190,1989
2299,3
1136,3
1848,3
1178,1177
1212,3
30,2785
2031,3
272,2619
1864,3
2786,3
53,52
1554,3
251,3
1200,3
1158,3
1877,3
222,825
2571,3
66,3
1314,52
819,52
1697,52
207,120
1698,3
711,2787
1696,52
971,3
764,825
711,1275
2755,120
543,120
282,3
359,2456
541,3
72,2788
912,911
787,786
952,2788
480,3
414,457
2324,1177
780,1768
944,943
482,457
1215,1275
2789,120
28,52
137,1515
95,2790
101,209
2125,209
2529,209
64,2436
2489,209
1564,209
2572,95
2448,95
1343,8
460,1911
1898,95
169,2160
2642,95
2371,95
800,825
2759,95
1418,95
2372,95
1806,95
840,95
2686,95
1438,2436
2791,209
2531,209
2792,209
2793,209
2764,8
1679,209
1582,209
1262,209
223,95
325,209
1709,209
2794,209
2795,209
2404,95
2053,95
2146,95
2602,95
2318,209
2427,209
522,209
1924,209
320,209
2550,209
1715,209
1189,209
166,2796
593,120
2797,209
2377,209
925,95
8,254
2257,95
2727,209
2798,209
2799,95
1651,209
1222,209
2291,209
2800,8
8,2800
2567,209
2801,95
2769,209
2717,95
2802,209
2594,209
2282,209
2120,209
1708,8
2803,209
1821,95
2765,209
1766,95
2315,95
1300,95
2618,95
1685,95
2537,95
2319,95
2804,95
2205,95
190,2003
2697,209
2805,209
2806,95
2753,95
2551,95
2754,95
771,815
872,209
2254,209
1714,8
210,209
2763,209
2075,209
634,209
2733,209
2807,209
655,8
1163,209
2563,95
2527,95
1046,8
1603,209
1760,209
2540,209
546,592
1100,3
770,815
2808,95
903,8
2586,95
1884,209
2809,95
2810,95
2626,95
2718,209
1862,209
2483,209
2093,209
2811,209
2451,209
2217,209
188,382
909,382
1668,1667
2051,209
190,1987
226,209
2538,209
1955,382
2313,8
1719,8
720,1275
2812,209
2484,209
169,2172
1653,95
973,95
2298,95
2536,95
727,120
2597,120
131,825
1912,1911
574,209
452,209
2813,209
2130,209
1980,209
2147,95
2593,95
733,209
2814,209
2815,209
2816,95
2790,95
1317,95
2758,8
8,2614
1276,1275
2113,95
2817,95
72,382
2724,209
1233,95
2109,95
2818,95
2396,95
30,2819
981,3
932,95
121,120
232,2423
1829,95
1771,95
2731,95
2820,95
2821,8
2822,95
40,95
1591,95
900,120
340,457
1523,120
1622,95
1021,209
1620,382
2823,209
358,2614
1086,382
47,65
2560,2559
2560,2743
2770,2824
1541,1571
326,2734
2744,2743
1112,2115
1323,95
2322,95
305,1756
2825,1778
256,1911
2220,1756
1084,1795
64,209
1227,209
1210,1778
556,1756
209,2815
947,2115
864,880
2263,1911
122,95
111,1756
459,209
929,1756
13,2340
8,2615
2278,22
1681,1134
3,2299
164,1757
408,2247
2542,2541
340,2574
13,2343
1338,22
2280,22
202,22
143,2691
126,209
184,22
982,1134
724,1757
169,2180
1438,2574
1100,327
187,22
594,1956
482,1756
1304,1075
429,94
340,2826
1711,22
15,1644
420,1075
493,1075
204,492
60,94
23,22
2750,1911
652,2827
757,1075
2415,2055
627,1086
203,2299
283,492
727,1852
51,2828
1844,22
2772,2771
413,492
591,1489
413,94
764,2615
2829,2830
369,22
2043,2055
27,94
437,22
2307,22
61,94
1026,22
369,94
1330,22
1077,2299
432,22
145,2831
382,1086
1076,1075
432,94
2475,22
176,1757
898,94
2268,22
152,327
913,94
597,94
126,1644
894,22
403,1086
913,22
808,22
477,2245
875,1075
328,1086
575,1852
202,94
420,22
764,2613
121,923
2832,2145
720,923
2585,923
13,2123
20,1407
2833,1583
2418,2417
1320,923
507,1166
1856,730
2385,2834
1510,1509
1816,1509
30,2835
20,1400
160,730
98,2145
416,645
638,645
1534,1583
1763,1583
209,2794
1342,2613
261,2123
266,2145
727,923
478,645
312,923
645,2613
2613,645
1909,1936
1277,923
978,977
172,349
230,645
102,2613
143,2701
95,2801
8,217
25,75
279,1841
8,2425
209,2811
190,2007
2736,2688
1068,75
2526,2525
335,827
1158,827
2756,983
926,2595
164,2836
582,983
323,324
2447,827
73,983
13,833
20,1367
416,2459
7,75
2837,2838
197,827
3,827
395,983
1230,1229
291,827
828,827
1176,1183
358,827
279,1863
862,2459
2067,983
102,827
95,2816
201,75
171,827
1665,1664
1844,1664
2062,983
7,2839
2492,2688
742,983
51,827
190,827
1680,2688
139,983
145,827
292,75
90,1750
339,833
933,983
1897,1896
164,652
2827,652
2239,652
22,2268
2840,2688
369,2268
1028,2288
15,827
131,2425
1107,1155
493,2425
1027,652
13,827
7,404
190,1997
190,2011
358,1062
800,799
143,2706
1876,1875
668,667
416,268
955,667
2391,667
2280,2467
2597,863
269,268
2841,2842
190,2022
30,2843
864,863
929,831
20,1404
828,831
199,1737
2145,2832
139,942
358,404
207,2844
1759,1758
2156,831
204,1953
1759,1784
727,2405
695,731
389,404
2189,2339
507,1181
5,206
209,2802
1310,7
102,731
1521,166
162,479
855,7
2381,7
413,7
953,166
2393,1231
2412,667
1327,7
1051,7
420,7
13,1789
416,206
2085,1181
488,7
1330,7
507,479
1700,671
384,7
95,2809
2058,671
81,671
197,2431
676,7
60,863
143,166
2845,7
364,7
433,7
7,433
518,479
2738,433
2747,166
504,166
2846,166
416,7
412,7
167,7
348,347
414,433
1555,7
2730,2729
1012,7
143,2708
2847,166
1052,7
1401,7
190,2023
1184,166
2487,7
1727,7
1058,7
1491,2339
58,7
2307,7
194,671
190,2006
50,7
64,1321
127,1231
430,7
1066,7
810,7
2,7
1572,479
2727,206
2366,166
579,166
358,433
1036,2197
2128,206
232,1789
1051,166
1132,166
8,2622
493,479
1420,671
1020,1019
468,671
488,166
429,166
484,166
169,7
413,166
166,433
131,206
433,166
67,166
205,206
129,731
793,166
413,479
2198,2197
369,1321
1195,7
203,7
75,7
167,166
384,166
1217,1337
277,2728
558,1525
290,479
2839,7
1596,206
1922,7
1477,7
456,7
3,1882
412,1477
1111,1882
480,1882
406,411
30,2848
1478,1477
407,411
2692,1477
143,2709
249,2301
690,2751
1914,479
246,206
1437,479
1683,877
190,1822
456,166
929,1859
1499,1477
545,662
209,2823
143,822
2824,2770
2199,206
2849,7
292,2422
438,453
20,1376
1089,166
2767,7
1498,411
422,2099
2395,166
2850,2770
42,2770
141,958
938,958
725,671
1322,1321
550,958
416,2099
876,877
1928,7
2851,2852
967,7
1481,2422
1180,7
1533,166
1576,166
1304,7
1002,662
2781,2780
493,2422
55,7
1081,7
1565,166
1540,662
90,1753
394,756
2580,2579
1352,453
2853,166
117,2746
454,453
1098,958
95,2810
1573,7
2774,7
724,1789
66,1789
1185,166
661,662
307,1822
1797,1524
1190,1524
469,433
862,2461
1363,1362
408,1362
245,7
20,1425
1138,7
1195,206
2760,7
1333,7
1377,206
332,7
507,1201
2796,166
1526,1525
192,877
90,1019
982,958
862,2099
808,2422
246,2658
7,1477
1793,453
339,822
1567,662
2783,1753
875,662
649,648
556,2746
1494,1493
1052,256
2854,551
169,2171
1052,2855
2386,2385
2227,1267
829,1948
443,485
860,1267
171,1493
544,551
209,2792
771,783
90,1730
287,1684
143,2703
2084,2083
190,2036
998,967
20,1395
956,967
13,2359
629,967
72,967
246,1493
143,2711
2153,551
77,1632
209,2813
60,1632
1268,1267
7,2849
1314,967
2856,551
1447,1281
2834,2385
246,2681
381,1632
403,551
126,1493
129,1632
1905,485
113,1267
518,967
30,2414
278,221
150,149
597,149
3,221
172,221
888,1167
358,1898
27,1055
413,187
339,790
13,790
339,221
556,221
622,149
169,2169
359,187
2464,2335
628,2857
204,1898
22,187
220,219
184,187
2770,2850
48,265
1338,187
1242,187
982,994
209,2814
1330,187
203,2753
20,1409
820,187
1052,187
2280,187
952,187
808,187
2606,2605
66,221
283,1898
724,221
2141,1167
2279,1898
2226,221
846,187
95,2818
95,2753
205,2069
190,2069
202,187
1899,1898
2135,1167
1022,2414
2212,221
232,221
117,2818
246,2659
2155,2682
1831,994
2336,2335
120,2387
169,2167
112,1052
129,1481
169,2162
507,1169
8,2821
7,1052
2370,2369
145,2858
13,2357
256,1052
1401,1052
1119,2578
2855,1052
27,1052
197,117
888,2135
1438,1052
2091,117
569,2387
727,2387
2155,117
5,1052
1649,1052
2859,1481
409,426
54,60
1195,2774
524,117
2209,117
1,1481
8,313
291,1481
2422,1481
1938,1481
274,2357
518,1052
1003,117
187,1052
1217,1320
185,117
95,2799
1503,1502
2482,117
923,1320
701,700
2746,117
1570,1169
13,117
1346,1355
88,117
845,426
2593,117
2860,1893
757,2387
873,1052
87,117
1832,2578
593,2387
2752,426
1668,1677
1473,1520
2784,117
209,2812
62,60
1167,2135
171,117
2818,117
4,117
1534,1562
281,1481
109,117
1227,1481
199,60
2861,2862
290,2229
2634,1893
696,1893
2207,1193
169,2177
169,2161
2376,1193
19,78
7,2774
2547,2263
786,1193
56,117
246,2651
1136,117
171,480
741,2863
1314,954
2062,1193
171,1481
506,1577
1655,1654
51,480
340,2864
519,1254
19,59
1736,1735
249,581
2865,1193
2401,766
585,445
491,480
477,2866
2110,480
8,212
230,480
109,480
695,480
446,445
13,480
1503,766
3,480
455,2707
1106,2621
482,2867
413,480
540,539
2267,954
98,480
1568,1663
1911,2263
408,2263
1102,480
2155,480
83,1923
15,480
32,480
1136,480
20,480
2509,2868
504,2263
2192,954
83,480
291,480
1185,1193
1405,1923
1016,480
2869,2870
1103,954
1568,954
312,954
909,954
2407,954
293,1151
2337,480
205,2375
90,1762
1202,954
1558,480
881,632
1697,726
2278,201
739,706
169,1913
1006,1586
67,1608
2128,201
197,2434
209,2798
112,201
591,1491
143,2722
2783,726
86,107
45,1843
190,2029
2216,201
652,685
143,2710
956,726
1014,2471
108,1843
1885,107
110,107
2592,1565
1566,1565
93,107
256,201
160,201
929,201
2720,706
1482,201
202,201
1306,201
340,2326
249,2326
160,706
368,1913
2062,201
2577,2576
76,726
1932,706
1692,1691
2339,1491
1614,145
1694,145
145,2871
153,145
2871,145
947,927
98,145
221,278
1583,2833
239,145
1350,145
2858,145
2272,145
98,278
164,2872
190,2027
469,1313
416,2873
89,145
169,2176
2039,927
190,1972
2874,145
2224,145
1411,124
190,1998
146,145
682,124
844,145
707,145
2090,145
271,145
652,145
1545,145
2875,2766
1501,145
30,2876
1442,278
2497,145
1595,145
133,927
171,1645
107,86
92,86
781,145
674,2766
488,1724
2295,145
2103,145
1707,1706
30,1639
240,86
1225,1724
144,278
292,145
2289,927
1508,1724
1630,1724
2831,145
197,145
827,145
56,278
2330,86
57,86
823,2877
471,1639
109,278
2768,1724
53,124
77,2510
1769,2553
126,1645
2338,145
778,842
850,164
1535,164
630,164
8,255
2872,164
901,164
169,2165
669,164
70,164
38,164
670,164
197,2430
2836,164
279,1838
1757,164
82,81
1548,164
545,1540
482,1634
469,1302
165,164
209,2793
1723,164
164,2859
2859,164
671,2058
671,81
1105,164
677,164
1552,1551
1277,2761
571,2165
241,240
1910,1540
2629,164
1013,164
2469,164
1259,164
86,240
1620,1297
137,1465
1104,164
143,2700
30,2878
678,164
516,1297
1481,2859
171,2058
468,81
564,255
209,2803
274,255
2259,164
1303,2539
2601,2261
662,1540
1893,2860
1778,2825
197,164
1792,81
176,1838
745,2261
414,472
652,164
570,593
120,593
169,2201
755,1838
2387,593
261,255
2496,164
2556,2555
2338,164
2463,358
145,2874
145,844
2402,2401
95,2109
1316,358
1051,358
1086,2269
487,647
143,2699
1062,358
246,2662
8,2628
190,1969
1881,358
2490,2552
2419,377
483,377
929,1725
287,377
1195,358
98,1029
518,2879
8,2758
1114,161
690,2749
72,1662
868,867
2522,358
92,1629
495,377
888,2141
766,2401
3,2786
1304,358
232,358
1065,1064
820,1662
2152,377
660,1029
233,207
1314,207
2880,647
208,207
429,482
1217,1318
203,2758
473,482
1139,482
544,207
456,358
1167,2141
477,1029
1195,2775
2453,2452
433,358
1630,2141
261,2109
1825,2401
2604,647
469,1312
404,358
2844,207
1022,358
1752,482
2365,2109
167,358
378,377
27,1029
488,482
389,1029
2881,358
413,482
413,358
330,207
155,482
432,482
504,358
2867,482
2882,358
2614,358
2042,358
545,1029
1696,1662
2270,2269
917,482
1050,358
724,844
137,1449
1669,1662
1122,161
1303,2552
457,482
222,1787
619,1318
922,482
437,482
203,2109
1432,482
1756,482
1195,482
384,482
1255,482
1184,482
309,1662
624,647
1033,1032
339,844
204,358
412,358
143,2695
190,1984
1903,30
482,30
2081,628
601,628
921,923
1772,30
1450,30
2532,30
2166,30
1817,30
209,2795
1851,30
1818,30
440,30
1710,30
2089,30
190,1957
33,30
2232,30
2293,30
137,1453
1815,30
2378,30
143,1237
1573,358
1550,30
1390,30
2876,30
1985,30
2705,30
2848,30
2878,30
2762,30
235,30
2491,30
1942,30
1739,30
2078,30
856,30
2294,30
31,30
2414,30
2548,30
2392,30
827,358
25,358
1869,30
2362,30
1999,358
1721,358
1447,628
2883,30
2785,30
2192,923
2835,30
2255,628
1630,2252
2843,30
2819,30
2080,30
1639,30
1008,30
415,30
197,2439
745,2252
380,379
1573,30
1068,628
292,1237
1947,30
1035,1874
1915,30
112,2252
918,2252
137,1445
2838,2837
1689,628
2857,628
2332,30
1135,358
2174,30
345,1237
230,1027
975,974
70,1027
2154,628
1696,2426
2862,2861
336,358
1890,974
652,1027
190,1973
2427,102
20,1373
362,582
2380,2379
209,2120
416,2719
302,1676
1602,582
13,87
30,2883
1731,1804
951,950
597,598
938,598
340,2884
1620,1832
2442,1016
117,87
712,711
2713,572
209,2797
1649,582
209,2805
2206,2213
249,2303
197,2441
1292,1291
1045,1044
489,87
1769,598
2714,572
15,2058
209,2791
1697,2185
190,2037
803,806
70,1016
1195,385
712,741
2863,741
757,1235
1734,1743
805,804
7,2058
309,582
632,582
1742,598
1011,1010
476,598
442,2296
261,87
169,2178
190,2004
1660,1659
171,2005
95,2808
990,1016
985,950
95,2822
480,1016
2870,2869
557,582
1216,1235
2787,711
79,2334
573,572
1014,2480
233,806
2534,2533
83,2885
90,869
1630,711
261,1545
1018,711
544,547
1006,804
1417,1416
983,582
25,87
126,2058
143,869
1805,1804
1678,656
657,656
2578,1832
104,125
246,2690
869,806
303,1804
60,2886
870,869
261,2120
230,2058
202,385
493,1545
190,2073
2204,2203
95,2820
1107,598
1249,2072
2474,1637
1135,102
436,582
1636,1637
2043,2056
